id,oX,oY,dX,dY,trips
904,-23.548,-46.636,-22.903,-43.208,1
954,-23.548,-46.636,48.85341,2.3488,1
3160,-16.679,-49.254,-19.817,-43.956,1
4139,-8.054,-34.881,37.87159,-122.27275,1
4676,-22.906,-47.061,47.60621,-122.33207,1
14873,-12.971,-38.511,48.85341,2.3488,1
64263,42.73698,-84.48387,48.85341,2.3488,1
76332,39.96118,-82.99879,-23.548,-46.636,1
81271,41.66113,-91.53017,-23.548,-46.636,1
114497,-22.411,-47.561,-23.548,-46.636,1
