id,oX,oY,dX,dY,trips
1082,-23.548,-46.636,37.44188,-122.14302,1
36079,40.11642,-88.24338,41.52519,-88.0834,1
64213,42.73698,-84.48387,-22.903,-43.208,1
