id,oX,oY,dX,dY,trips
1029,-23.548,-46.636,42.3751,-71.10561,1
1072,-23.548,-46.636,40.71427,-74.00597,1
6737,-23.463,-46.533,-23.548,-46.636,1
7373,-30.033,-51.23,48.47629,8.93528,1
51192,-34.61315,-58.37723,-22.903,-43.208,1
