id,oX,oY,dX,dY,trips
4043,-8.054,-34.881,-23.548,-46.636,1
106868,36.16589,-86.78444,-22.903,-43.208,1
