id,oX,oY,dX,dY,trips
954,-23.548,-46.636,48.85341,2.3488,1
7358,-30.033,-51.23,40.71427,-74.00597,1
