id,oX,oY,dX,dY,trips
7758,-19.817,-43.956,33.95335,-117.39616,1
48601,44.97997,-93.26384,43.07305,-89.40123,1
