id,oX,oY,dX,dY,trips
2,-24,-51,-23.533333,-46.633333,1
29,-27.25,-50.333333,-23.533333,-46.633333,1
54,-23.533333,-46.633333,-24,-51,1
57,-23.533333,-46.633333,-22.9,-43.2,1
83,-22.9,-43.2,-23.533333,-46.633333,3
85,-22.9,-43.2,-15.933333,-50.133333,1
138,-8.34,-37.81,-22.9,-43.2,1
164,-30,-53,-23.533333,-46.633333,1
165,-30,-53,-22.9,-43.2,1
191,-19.816667,-43.95,-23.533333,-46.633333,1
326,-15.795,-47.757778,-23.533333,-46.633333,1
