id,oX,oY,dX,dY,trips
326,-15.795,-47.757778,-23.533333,-46.633333,1
