id,oX,oY,dX,dY,trips
87,-22.9,-43.2,-30,-53,1
142,-8.34,-37.81,-19.816667,-43.95,1
201,-19.816667,-43.95,-15.795,-47.757778,1
272,-7.166667,-36.833333,-23.533333,-46.633333,1
326,-15.795,-47.757778,-23.533333,-46.633333,1
408,-5.08,-39.65,-22.9,-43.2,1
