id,oX,oY,dX,dY,trips
164,-30,-53,-23.533333,-46.633333,1
