id,oX,oY,dX,dY,trips
61,-23.533333,-46.633333,-19.816667,-43.95,1
83,-22.9,-43.2,-23.533333,-46.633333,1
95,-22.9,-43.2,-12.52,-41.69,1
164,-30,-53,-23.533333,-46.633333,1
381,-12.52,-41.69,-22.9,-43.2,1
