id,oX,oY,dX,dY,trips
2,-24,-51,-23.533333,-46.633333,1
6,-24,-51,-30,-53,1
54,-23.533333,-46.633333,-24,-51,1
55,-23.533333,-46.633333,-27.25,-50.333333,1
57,-23.533333,-46.633333,-22.9,-43.2,1
61,-23.533333,-46.633333,-19.816667,-43.95,1
83,-22.9,-43.2,-23.533333,-46.633333,2
86,-22.9,-43.2,-8.34,-37.81,1
164,-30,-53,-23.533333,-46.633333,1
165,-30,-53,-22.9,-43.2,1
192,-19.816667,-43.95,-22.9,-43.2,1
461,-5.666667,-52.733333,-23.533333,-46.633333,1
