id,oX,oY,dX,dY,trips
61,-23.533333,-46.633333,-19.816667,-43.95,1
66,-23.533333,-46.633333,-15.795,-47.757778,1
73,-23.533333,-46.633333,-10.183333,-48.333333,1
83,-22.9,-43.2,-23.533333,-46.633333,1
88,-22.9,-43.2,-19.816667,-43.95,1
