id,oX,oY,dX,dY,trips
137,-8.34,-37.81,-23.533333,-46.633333,1
