id,oX,oY,dX,dY,trips
88,-22.9,-43.2,-19.816667,-43.95,1
407,-5.08,-39.65,-23.533333,-46.633333,1
