id,oX,oY,dX,dY,trips
2,-24,-51,-23.533333,-46.633333,1
6,-24,-51,-30,-53,1
54,-23.533333,-46.633333,-24,-51,1
57,-23.533333,-46.633333,-22.9,-43.2,2
59,-23.533333,-46.633333,-8.34,-37.81,1
60,-23.533333,-46.633333,-30,-53,1
83,-22.9,-43.2,-23.533333,-46.633333,2
164,-30,-53,-23.533333,-46.633333,1
191,-19.816667,-43.95,-23.533333,-46.633333,3
