id,oX,oY,dX,dY,trips
193,-19.816667,-43.95,-15.933333,-50.133333,1
380,-12.52,-41.69,-23.533333,-46.633333,1
