id,oX,oY,dX,dY,trips
3,-24,-51,-22.9,-43.2,1
83,-22.9,-43.2,-23.533333,-46.633333,2
110,-15.933333,-50.133333,-23.533333,-46.633333,1
164,-30,-53,-23.533333,-46.633333,2
245,-6.183333,-45.616667,-23.533333,-46.633333,1
300,-5,-63,-22.9,-43.2,1
326,-15.795,-47.757778,-23.533333,-46.633333,3
330,-15.795,-47.757778,-30,-53,1
