id,oX,oY,dX,dY,trips
60,-23.533333,-46.633333,-30,-53,1
83,-22.9,-43.2,-23.533333,-46.633333,1
138,-8.34,-37.81,-22.9,-43.2,1
