id,oX,oY,dX,dY,trips
27,-27.25,-50.333333,-24,-51,1
192,-19.816667,-43.95,-22.9,-43.2,1
