id,oX,oY,dX,dY,trips
33,-27.25,-50.333333,-30,-53,1
57,-23.533333,-46.633333,-22.9,-43.2,1
81,-22.9,-43.2,-24,-51,1
85,-22.9,-43.2,-15.933333,-50.133333,1
93,-22.9,-43.2,-15.795,-47.757778,1
272,-7.166667,-36.833333,-23.533333,-46.633333,1
