id,oX,oY,dX,dY,trips
54,-23.533333,-46.633333,-24,-51,1
60,-23.533333,-46.633333,-30,-53,1
191,-19.816667,-43.95,-23.533333,-46.633333,1
635,-10.59,-37.38,-12.52,-41.69,1
