id,oX,oY,dX,dY,trips
2,-24,-51,-23.533333,-46.633333,1
57,-23.533333,-46.633333,-22.9,-43.2,1
115,-15.933333,-50.133333,-19.816667,-43.95,1
