id,oX,oY,dX,dY,trips
2086,-22.903,-43.208,-34.61315,-58.37723,1
2725,-23.548,-46.636,33.95335,-117.39616,1
2747,-23.548,-46.636,40.71427,-74.00597,1
19565,-15.78,-47.93,-23.548,-46.636,1
143241,42.27756,-83.74088,-23.548,-46.636,1
