id,oX,oY,dX,dY,trips
54,-23.533333,-46.633333,-24,-51,1
60,-23.533333,-46.633333,-30,-53,1
68,-23.533333,-46.633333,-12.52,-41.69,1
83,-22.9,-43.2,-23.533333,-46.633333,2
115,-15.933333,-50.133333,-19.816667,-43.95,1
164,-30,-53,-23.533333,-46.633333,2
191,-19.816667,-43.95,-23.533333,-46.633333,1
635,-10.59,-37.38,-12.52,-41.69,1
