id,oX,oY,dX,dY,trips
54,-23.533333,-46.633333,-24,-51,1
88,-22.9,-43.2,-19.816667,-43.95,1
164,-30,-53,-23.533333,-46.633333,2
191,-19.816667,-43.95,-23.533333,-46.633333,1
327,-15.795,-47.757778,-22.9,-43.2,1
