id,oX,oY,dX,dY,trips
61,-23.533333,-46.633333,-19.816667,-43.95,1
69,-23.533333,-46.633333,-5.08,-39.65,1
83,-22.9,-43.2,-23.533333,-46.633333,2
138,-8.34,-37.81,-22.9,-43.2,1
162,-30,-53,-24,-51,1
191,-19.816667,-43.95,-23.533333,-46.633333,1
193,-19.816667,-43.95,-15.933333,-50.133333,1
380,-12.52,-41.69,-23.533333,-46.633333,2
