id,oX,oY,dX,dY,trips
2,-24,-51,-23.533333,-46.633333,1
64,-23.533333,-46.633333,-7.166667,-36.833333,1
83,-22.9,-43.2,-23.533333,-46.633333,1
87,-22.9,-43.2,-30,-53,1
115,-15.933333,-50.133333,-19.816667,-43.95,1
169,-30,-53,-19.816667,-43.95,1
408,-5.08,-39.65,-22.9,-43.2,1
516,-10.183333,-48.333333,-22.9,-43.2,1
