id,oX,oY,dX,dY,trips
137,-8.34,-37.81,-23.533333,-46.633333,1
192,-19.816667,-43.95,-22.9,-43.2,1
270,-7.166667,-36.833333,-24,-51,1
