id,oX,oY,dX,dY,trips
137,-8.34,-37.81,-23.533333,-46.633333,1
164,-30,-53,-23.533333,-46.633333,2
165,-30,-53,-22.9,-43.2,1
