id,oX,oY,dX,dY,trips
87,-22.9,-43.2,-30,-53,1
88,-22.9,-43.2,-19.816667,-43.95,1
100,-22.9,-43.2,-10.183333,-48.333333,1
