id,oX,oY,dX,dY,trips
3,-24,-51,-22.9,-43.2,1
6,-24,-51,-30,-53,1
14,-24,-51,-12.52,-41.69,1
27,-27.25,-50.333333,-24,-51,1
60,-23.533333,-46.633333,-30,-53,1
73,-23.533333,-46.633333,-10.183333,-48.333333,1
81,-22.9,-43.2,-24,-51,1
167,-30,-53,-8.34,-37.81,1
176,-30,-53,-12.52,-41.69,1
192,-19.816667,-43.95,-22.9,-43.2,2
412,-5.08,-39.65,-19.816667,-43.95,1
