id,oX,oY,dX,dY,trips
5,-14.235004,-51.92528,46.227638,2.213749,1
