id,oX,oY,dX,dY,trips
2,-14.235004,-51.92528,37.09024,-95.712891,1
5,-14.235004,-51.92528,46.227638,2.213749,1
13,-14.235004,-51.92528,-38.416097,-63.61667199999999,2
121,46.227638,2.213749,40.46366700000001,-3.74922,1
314,-38.416097,-63.61667199999999,37.09024,-95.712891,1
