id,oX,oY,dX,dY,trips
48,37.09024,-95.712891,-14.235004,-51.92528,1
