id,oX,oY,dX,dY,trips
1,-14.235004,-51.92528,40.46366700000001,-3.74922,12
2,-14.235004,-51.92528,37.09024,-95.712891,60
3,-14.235004,-51.92528,55.378051,-3.435973,68
4,-14.235004,-51.92528,56.130366,-106.346771,2
5,-14.235004,-51.92528,46.227638,2.213749,46
6,-14.235004,-51.92528,39.39987199999999,-8.224454,2
7,-14.235004,-51.92528,50.503887,4.469936,4
9,-14.235004,-51.92528,51.165691,10.451526,12
14,-14.235004,-51.92528,36.204824,138.252924,2
17,-14.235004,-51.92528,41.87194,12.56738,2
19,-14.235004,-51.92528,56.26392,9.501785,1
20,-14.235004,-51.92528,46.818188,8.227511999999999,2
21,-14.235004,-51.92528,60.12816100000001,18.643501,2
48,37.09024,-95.712891,-14.235004,-51.92528,11
49,37.09024,-95.712891,40.46366700000001,-3.74922,1
51,37.09024,-95.712891,55.378051,-3.435973,4
72,55.378051,-3.435973,-14.235004,-51.92528,2
96,56.130366,-106.346771,-14.235004,-51.92528,2
98,56.130366,-106.346771,37.09024,-95.712891,1
105,56.130366,-106.346771,51.165691,10.451526,1
120,46.227638,2.213749,-14.235004,-51.92528,3
123,46.227638,2.213749,55.378051,-3.435973,1
192,-32.522779,-55.765835,-14.235004,-51.92528,1
312,-38.416097,-63.61667199999999,-14.235004,-51.92528,3
360,-35.675147,-71.542969,-14.235004,-51.92528,1
408,41.87194,12.56738,-14.235004,-51.92528,1
552,6.42375,-66.58973,-14.235004,-51.92528,1
