id,oX,oY,dX,dY,trips
1,-14.235004,-51.92528,40.46366700000001,-3.74922,1
2,-14.235004,-51.92528,37.09024,-95.712891,58
3,-14.235004,-51.92528,55.378051,-3.435973,48
4,-14.235004,-51.92528,56.130366,-106.346771,3
5,-14.235004,-51.92528,46.227638,2.213749,20
9,-14.235004,-51.92528,51.165691,10.451526,9
13,-14.235004,-51.92528,-38.416097,-63.61667199999999,1
14,-14.235004,-51.92528,36.204824,138.252924,1
19,-14.235004,-51.92528,56.26392,9.501785,1
20,-14.235004,-51.92528,46.818188,8.227511999999999,1
48,37.09024,-95.712891,-14.235004,-51.92528,4
51,37.09024,-95.712891,55.378051,-3.435973,4
57,37.09024,-95.712891,51.165691,10.451526,1
72,55.378051,-3.435973,-14.235004,-51.92528,3
74,55.378051,-3.435973,37.09024,-95.712891,1
77,55.378051,-3.435973,46.227638,2.213749,1
81,55.378051,-3.435973,51.165691,10.451526,1
98,56.130366,-106.346771,37.09024,-95.712891,1
120,46.227638,2.213749,-14.235004,-51.92528,3
146,39.39987199999999,-8.224454,37.09024,-95.712891,1
408,41.87194,12.56738,-14.235004,-51.92528,2
