id,oX,oY,dX,dY,trips
5,-14.235004,-51.92528,46.227638,2.213749,1
48,37.09024,-95.712891,-14.235004,-51.92528,2
360,-35.675147,-71.542969,-14.235004,-51.92528,1
