id,oX,oY,dX,dY,trips
2,-14.235004,-51.92528,37.09024,-95.712891,1
