id,oX,oY,dX,dY,trips
1,-14.235004,-51.92528,40.46366700000001,-3.74922,1
2,-14.235004,-51.92528,37.09024,-95.712891,5
3,-14.235004,-51.92528,55.378051,-3.435973,2
5,-14.235004,-51.92528,46.227638,2.213749,4
21,-14.235004,-51.92528,60.12816100000001,18.643501,1
41,40.46366700000001,-3.74922,41.87194,12.56738,1
48,37.09024,-95.712891,-14.235004,-51.92528,2
49,37.09024,-95.712891,40.46366700000001,-3.74922,1
51,37.09024,-95.712891,55.378051,-3.435973,1
